{"cameraMode":{"drawMode":0,"name":"Shaded","section":"Shading Mode"},"sceneLighting":true,"audioPlay":false,"sceneViewState":{"m_AlwaysRefresh":false,"showFog":true,"showSkybox":true,"showFlares":true,"showImageEffects":true,"showParticleSystems":true,"showVisualEffectGraphs":true,"m_FxEnabled":true},"in2DMode":false,"pivot":{"x":-0.43189048767089846,"y":1.538658857345581,"z":-5.127147674560547},"rotation":{"x":0.22920677065849305,"y":-0.23549415171146394,"z":0.05725284293293953,"w":0.9427415728569031},"size":1.819625973701477,"orthographic":false}