{"cameraMode":{"drawMode":0,"name":"Shaded","section":"Shading Mode"},"sceneLighting":true,"audioPlay":false,"sceneViewState":{"m_AlwaysRefresh":false,"showFog":true,"showSkybox":true,"showFlares":true,"showImageEffects":true,"showParticleSystems":true,"showVisualEffectGraphs":true,"m_FxEnabled":true},"in2DMode":false,"pivot":{"x":8.641124725341797,"y":-1.1950268745422364,"z":-2.1758575439453127},"rotation":{"x":0.33525800704956057,"y":0.025162501260638238,"z":-0.008959585800766945,"w":0.9417660236358643},"size":5.569477558135986,"orthographic":false}