{"cameraMode":{"drawMode":0,"name":"Shaded","section":"Shading Mode"},"sceneLighting":true,"audioPlay":false,"sceneViewState":{"m_AlwaysRefresh":false,"showFog":true,"showSkybox":true,"showFlares":true,"showImageEffects":true,"showParticleSystems":true,"showVisualEffectGraphs":true,"m_FxEnabled":true},"in2DMode":false,"pivot":{"x":30.616416931152345,"y":8.493191719055176,"z":858.3109741210938},"rotation":{"x":-0.0961112454533577,"y":-0.03405947983264923,"z":0.0032641158904880287,"w":-0.9948389530181885},"size":1.2247449159622193,"orthographic":false}