{"cameraMode":{"drawMode":0,"name":"Shaded","section":"Shading Mode"},"sceneLighting":true,"audioPlay":false,"sceneViewState":{"m_AlwaysRefresh":false,"showFog":true,"showSkybox":true,"showFlares":true,"showImageEffects":true,"showParticleSystems":true,"showVisualEffectGraphs":true,"m_FxEnabled":true},"in2DMode":false,"pivot":{"x":-0.4877018928527832,"y":0.3558862805366516,"z":-0.6828010082244873},"rotation":{"x":-0.2201744168996811,"y":0.009947560727596283,"z":-0.0022284183651208879,"w":-0.9754296541213989},"size":1.0611587762832642,"orthographic":false}